RSI,ULTOSC,STOCHRSI,+DI,-DI,ROC,PD,CHANGE
44.8158,44.9802,26.4374,20.6796,21.1539,-0.0419,-0.2,0
38.8919,33.5991,45.7092,13.3882,22.0648,0.0239,-0.2,1
48.5826,48.17,45.1964,18.8923,15.7589,0.353,0.2,1
57.0643,52.0339,76.9551,19.0992,11.8532,0.4525,0.2,1
57.3554,47.8272,80.0957,20.4384,10.9148,0.1732,-0.2,1
51.5628,52.1359,28.9479,21.2091,16.634,0.149,0.2,1
58.9839,51.1792,86.2719,22.3898,12.4576,0.1515,0.6,1
58.3236,54.4653,52.6745,21.3338,9.1147,0.2171,0.2,1
63.2752,62.678,83.9964,24.3789,12.7574,0.1963,0.6,0
45.2419,60.2797,5.4948,20.4911,15.3416,-0.0532,-0.2,1
41.6588,49.1716,48.2707,19.128,23.5971,-0.1617,-0.2,1
66.7658,79.7094,76.3708,35.1551,15.8506,0.5004,0.2,1
50.7167,45.5103,8.2398,30.3947,22.6706,0.2425,-0.2,1
53.6163,54.7663,39.5049,31.9267,19.242,-0.0726,-0.2,1
55.6557,56.7646,56.2088,28.2307,17.7328,0.2531,0.2,0
52.4637,44.7967,28.4781,22.1629,15.0692,0.0562,-0.2,1
51.4138,48.3741,46.2083,19.926,14.1492,0.0273,0.6,0
51.1428,48.7816,33.7901,18.9558,13.6755,0.0402,-0.2,1
38.2071,47.556,13.2694,17.5302,30.7698,-0.2665,0.2,1
47.6252,48.6938,52.9844,19.1399,22.2695,0.0135,0.2,0
37.2218,36.4739,2.5917,14.1087,24.7859,-0.0214,-0.2,1
44.5197,61.4461,85.3835,11.8734,22.1064,-0.1355,-0.2,1
59.3513,65.3268,100.0,17.9421,20.7836,0.4589,0.6,1
51.6469,55.4028,13.8054,21.9695,26.3203,0.2531,0.2,1
55.2754,45.466,26.1493,22.086,16.5794,0.3822,-0.2,1
57.9362,54.6375,40.068,24.0327,16.4244,0.0579,0.2,0
56.2061,41.5695,30.5303,22.6134,14.7475,0.1138,0.2,1
43.3346,29.3697,6.02,20.4811,19.747,-0.0839,-0.2,1
57.745,50.9435,55.8674,22.5172,14.7904,0.1504,0.6,0
49.7161,36.8542,21.5276,20.205,14.8185,0.0788,-0.2,0
48.2926,41.2379,62.8274,16.213,16.8151,-0.1966,0.2,0
48.9862,42.6232,41.4147,17.8742,11.8878,0.0193,0.6,1
47.7789,43.4361,48.2596,14.541,12.8011,0.0392,0.2,0
49.8761,49.4068,27.5262,20.4054,14.0524,0.0647,0.2,1
38.3273,39.8571,7.0904,18.0419,21.3717,-0.1836,-0.2,1
49.6657,44.0675,51.4799,19.0658,22.0241,-0.0392,-0.6,1
45.8949,37.3814,8.2354,24.6549,20.3255,0.0567,-0.6,1
48.5915,37.4428,21.6815,23.7987,21.2694,-0.0056,-0.6,1
59.9028,55.2573,96.6838,23.9506,23.0612,0.2475,0.6,0
57.8728,53.3991,55.546,26.4375,21.1683,0.1382,0.2,0
39.2147,40.0883,27.8685,16.1462,27.8843,-0.2656,-0.6,1
33.9418,28.9566,3.0437,14.8928,26.3266,-0.502,-0.6,1
48.8571,47.1492,92.6503,14.9244,19.3798,0.0842,-0.2,0
57.1601,55.8474,80.4544,20.6113,17.1412,0.2272,-0.2,0
50.8769,58.6741,75.6542,17.8803,23.4851,-0.1556,0.2,0
50.128,54.6811,80.0819,18.2921,21.7731,0.0123,0.6,1
42.8154,57.6217,31.1877,18.5286,30.503,-0.0671,0.2,0
62.1128,61.7639,87.6446,29.5815,24.0974,0.2339,-0.2,0
44.8595,48.0444,41.5524,22.4635,29.4488,0.0079,0.2,0
41.8071,50.0865,37.6025,20.336,27.0977,-0.5863,-0.2,0
35.3423,48.0381,71.2473,16.3774,32.3971,-0.5261,0.2,1
33.2779,51.0989,52.5688,15.0348,33.9534,-0.6946,0.2,1
58.0598,53.5477,99.8754,20.1871,22.1334,0.4205,0.6,1
67.1299,58.1216,93.3974,25.546,19.995,0.6215,0.6,1
71.419,61.6574,69.0892,30.9986,13.2238,0.59,-0.2,1
81.1683,71.8562,86.7396,31.5863,12.2221,0.7863,0.6,1
70.0712,55.8166,82.6226,27.3371,13.8126,0.0003,0.2,0
68.9785,61.6031,95.9131,26.5036,14.0075,0.081,0.6,0
58.187,44.1137,27.9739,20.4752,12.9688,-0.0532,-1.0,0
44.8148,31.2521,8.9393,18.3484,15.5936,-0.1447,-0.6,0
44.4659,33.1657,82.1799,12.1322,19.0038,-0.0982,0.0,0
38.6446,37.8623,42.386,11.2537,19.4116,-0.173,0.0,0
42.1753,37.8003,61.4073,13.3424,24.9262,-0.1918,-0.2,0
50.8055,41.433,92.4897,13.0941,21.7507,-0.1598,0.6,0
27.4096,26.0424,0.3566,11.1288,27.0247,-0.2774,-0.6,0
26.7845,30.0026,19.6322,10.9891,27.1536,-0.3254,-1.0,0
36.3086,47.3376,44.0562,12.6214,28.5086,-0.1614,-0.2,0
28.7565,44.9495,14.2532,13.3079,29.1295,-0.3251,-0.6,0
38.0821,39.6872,67.5053,15.914,25.2069,-0.1907,0.6,0
39.1939,42.03,69.8472,16.6406,23.7644,-0.0169,0.2,0
39.8167,51.5496,48.0359,17.8997,26.9471,-0.1423,-0.6,0
26.0902,45.3368,12.6775,14.4416,35.3062,-0.5089,-0.6,1
51.3505,53.5628,70.6521,14.3138,22.0652,-0.1279,0.2,1
45.4476,48.369,22.873,13.5573,21.9713,0.0697,-0.2,1
51.5161,41.723,61.7863,16.9581,19.6506,0.0345,0.2,1
47.7888,44.5356,45.378,15.4074,21.6197,0.1661,-0.2,1
56.7763,56.6844,62.0128,26.0068,19.5849,0.3295,0.2,1
63.0308,54.285,92.1694,31.1199,17.5409,0.4917,0.6,1
55.4392,51.3695,42.888,25.1745,14.7059,0.1295,0.2,1
61.6638,54.2357,98.807,25.1474,13.4275,0.2388,0.6,1
71.5825,51.282,58.7878,32.3652,9.5404,0.415,1.0,0
67.024,52.8609,55.48,29.4548,10.2086,0.3148,0.6,0
52.4348,49.6209,20.2559,21.4375,13.8099,0.0925,-0.2,1
55.4888,45.7596,39.5667,22.7114,12.804,-0.0327,-0.2,1
63.3245,72.037,65.5318,24.3958,15.2526,0.2549,0.6,1
68.2712,66.6318,72.7553,28.4201,13.5457,0.3433,0.6,1
56.3843,54.9088,32.4011,26.9257,22.2586,0.0388,0.6,1
62.9579,60.4946,97.411,30.9214,20.5605,0.1089,0.6,0
56.4618,58.1942,50.2983,22.7836,20.6648,0.0885,-0.2,1
53.2417,57.8832,23.0904,23.2309,20.9696,-0.0195,-0.2,0
56.4915,55.3477,56.4902,24.0955,20.6964,0.0608,-0.2,0
40.2988,41.1024,15.1235,20.4142,29.7953,-0.1773,0.2,1
50.8152,55.9104,90.0,14.3509,26.0711,-0.1851,0.2,0
54.1855,73.3551,85.5509,14.0706,23.4969,0.0508,1.0,0
44.2135,52.4745,47.731,8.3639,35.8965,-0.1658,-0.6,1
47.7286,45.5283,62.9718,9.0814,32.5663,-0.2234,0.2,1
52.5455,59.8156,74.0991,14.123,26.8204,0.1292,0.6,0
47.1003,55.3655,8.3749,15.6801,26.4869,-0.0472,-0.2,1
53.6387,54.8499,69.3249,21.3255,24.3698,0.0719,0.2,1
50.5761,60.5266,49.1987,20.1479,24.3023,-0.0167,-0.6,1
70.8658,69.8393,88.8543,30.3814,19.4485,0.3628,0.2,0
69.1536,65.4381,79.9124,30.3304,18.3275,0.3565,0.2,0
38.0666,37.7618,10.6504,16.9204,23.0452,-0.3665,-0.2,0
40.3272,34.4574,20.1532,15.327,23.3851,-0.3834,-0.2,0
36.3842,36.0241,99.1759,8.8253,29.4163,-0.4525,-0.2,0
40.9863,43.4127,77.0812,14.1303,27.1363,-0.4235,0.2,0
34.1517,35.4105,18.2807,16.4577,30.2707,-0.5876,-0.2,0
40.7587,41.6791,84.8599,15.6296,28.8839,-0.4048,0.6,0
65.8461,58.0338,80.1809,24.4651,15.3748,0.656,0.6,1
75.046,61.023,93.169,28.8492,15.0922,0.6795,0.2,0
67.8244,64.8264,56.7756,25.8333,15.071,0.3438,0.2,0
41.5467,39.3259,11.8028,19.3173,24.4847,-0.3089,-0.6,0
13.7805,17.8072,0.0,9.7021,51.1677,-1.7451,-0.6,1
31.5992,27.9484,48.7279,20.8236,31.9175,-1.1384,0.2,1
42.1082,41.9736,93.0906,19.7933,25.8736,0.3428,0.2,1
48.7829,59.6383,85.8703,19.6953,21.779,0.2513,-0.2,0
47.9228,45.8336,56.3646,17.1535,20.9652,-0.0126,-0.2,1
41.7272,42.7439,48.6791,12.1275,28.8742,-0.4783,-0.6,1
52.4411,61.2335,77.0951,21.9991,30.1217,0.0239,-0.2,1
55.4802,51.2668,78.821,21.21,24.9073,0.0362,0.2,1
55.0728,54.4086,77.7446,21.3027,23.9458,-0.0098,-0.2,1
63.172,60.8038,96.9531,27.1597,19.8366,0.3488,0.6,0
54.9614,58.1303,34.3463,21.7365,18.9692,0.1622,-0.6,1
50.4525,48.4252,27.7852,19.1452,17.3942,-0.2523,-0.2,1
55.3008,45.9552,52.8808,20.2556,14.8943,0.0175,0.2,0
52.6077,47.5768,16.4517,21.7061,13.6995,0.1396,-0.2,0
42.3845,38.8401,0.0,19.762,17.0787,-0.2126,-0.6,1
41.2733,41.7233,44.4313,21.8429,22.5955,-0.3553,-0.2,1
67.6451,58.7121,86.6602,35.4099,16.9419,0.5966,0.6,0
58.0523,56.1989,58.0198,28.1239,19.3252,0.4262,-0.6,1
57.4378,59.5572,32.3097,29.0404,15.946,0.0455,0.2,0
56.6452,49.9387,19.8803,27.1243,14.2576,0.1003,-0.6,1
56.6452,0.0,0.0,27.1243,14.2576,0.0,0.0,1
99.2859,20.7416,15.9591,88.95,2.1619,0.1838,0.2,0
73.1902,62.7427,66.971,52.9931,0.3175,0.7372,0.2,0
42.5761,31.5283,1.4416,31.1575,25.3315,-0.4629,-1.0,1
50.4816,40.8034,65.6379,23.5905,20.3689,-0.4039,-0.2,1
51.5529,47.8167,52.1628,20.6129,13.5399,0.1845,0.2,0
49.7728,38.3995,43.4294,18.3263,12.9268,0.0019,0.6,1
31.0495,30.8152,12.0793,14.3588,25.1442,-0.3696,-0.6,1
62.067,56.2555,77.9809,29.855,17.9065,0.0357,0.6,1
63.7613,64.0115,64.8176,25.1121,17.1203,0.5739,0.2,0
53.6943,64.5547,18.3613,26.2739,14.1217,0.0186,-0.2,0
50.3535,50.2814,24.9063,25.3642,16.1146,-0.0747,-0.2,0
41.4482,40.1504,1.633,20.8324,21.8821,-0.1897,0.0,1
37.2788,34.7002,16.8998,14.8122,21.8738,-0.2498,-0.2,1
54.3007,57.3476,99.6012,19.0474,21.8743,0.061,0.2,0
58.1678,54.2345,87.0681,22.2791,22.8263,0.318,0.2,0
51.693,56.9621,70.2929,18.8097,23.1863,-0.0902,-0.2,1
48.3062,58.739,16.7064,18.8617,24.3875,-0.0609,-0.2,1
57.562,55.918,33.6395,21.3518,21.127,0.1172,-0.2,0
51.682,43.3905,69.7602,20.6159,22.6633,-0.0401,-0.6,0
39.5808,34.4642,20.1578,13.3163,27.7755,-0.336,-0.2,0
21.71,25.3858,16.6085,8.4806,35.356,-0.7346,-0.6,1
35.1191,44.2544,47.0929,10.9661,28.0702,-0.4267,-0.2,1
50.5243,44.8182,99.9904,17.8534,21.8397,0.2529,0.6,1
56.9051,47.8308,100.0,21.2251,21.1464,0.327,0.2,1
54.7261,43.719,61.6628,21.8092,16.1221,0.1017,-0.2,1
67.3749,57.0983,89.5894,28.4735,14.4416,0.2355,0.6,1
78.268,72.6242,78.974,44.7906,11.6515,1.0035,0.2,1
73.4287,56.5255,61.4485,41.1761,12.9907,0.8555,0.2,1
73.6891,58.4695,99.9896,36.44,12.4053,0.1367,-0.2,0
64.5578,44.9864,23.8693,29.4847,12.4273,-0.0107,-0.2,0
44.1464,43.0279,29.7853,20.4261,22.6118,-0.2444,-0.6,1
46.8507,43.7798,45.7301,19.0024,20.3497,-0.1812,0.2,0
44.458,39.7554,3.5693,19.1752,16.0274,-0.05,-0.2,0
39.834,29.4183,27.5021,12.7707,22.5489,-0.1673,-0.2,0
28.8293,31.7203,34.5793,7.9463,32.434,-0.4564,-0.2,1
36.1774,35.9019,26.1006,9.3972,27.8036,-0.3506,0.2,0
46.4077,46.4107,69.2717,11.8389,21.0155,-0.0248,0.2,0
49.0726,38.7023,67.7002,17.8839,21.5129,-0.026,0.6,0
54.0317,48.5971,94.3716,17.7799,21.5895,0.2975,-0.2,0
44.7264,44.2245,29.1725,18.8332,25.6492,-0.1897,-0.2,1
48.035,41.2322,72.4054,18.0516,21.2833,-0.4043,0.6,1
47.4429,35.2274,40.2353,14.1612,18.4068,-0.0353,-0.2,1
74.2249,67.8211,96.7887,27.8177,12.843,0.5331,1.0,1
76.7777,67.6643,88.2075,30.2394,10.3306,0.7052,0.6,1
70.5239,73.0499,57.408,27.2218,12.2998,0.2399,0.2,1
61.8013,61.9598,68.9699,23.3852,18.0242,0.1171,-0.2,0
53.0769,58.2726,19.8784,19.019,18.1209,-0.0189,-0.6,0
52.3081,58.9767,55.2786,15.6451,16.3305,-0.0336,0.2,0
48.1751,51.2407,15.1719,18.4098,18.8037,-0.1034,0.2,0
43.7769,30.5909,32.8598,13.3549,18.8935,-0.1897,0.2,1
47.514,49.5834,75.3555,13.7818,19.8879,-0.0778,0.2,1
50.0355,47.8907,31.9554,18.1904,18.6129,0.2475,-0.6,1
49.9176,40.1893,41.0089,15.0419,16.8286,0.0736,0.2,1
62.196,59.3687,90.1476,19.4813,12.803,0.186,0.6,1
53.454,57.3962,25.3813,25.1853,13.8556,0.1978,-0.2,1
59.4717,53.9416,72.8429,23.5569,11.8244,0.1544,0.2,1
66.9076,62.1731,99.9875,22.7082,8.803,0.1572,0.2,1
65.8799,60.9796,89.4931,22.7996,8.7972,0.1451,0.2,1
68.0377,61.974,58.3581,35.1272,10.2286,0.6357,0.6,1
67.1588,60.3753,55.0727,35.1272,10.2286,0.6317,0.6,1
52.4189,49.941,7.6545,30.4518,12.0135,0.1002,-0.2,0
48.9779,47.8155,7.4612,29.8335,13.7999,0.0333,-0.2,0
43.5,46.5085,30.6043,22.1607,19.069,-0.1704,-0.2,0
45.1108,46.2888,24.4593,21.8177,18.7539,-0.3008,-0.2,0
43.558,43.4758,14.6845,17.5676,14.2696,-0.1118,0.2,1
44.6168,43.5778,17.964,17.4871,14.2696,-0.1214,0.2,1
44.1489,36.0978,7.8888,18.7625,12.8458,-0.0648,-0.6,1
43.5486,34.6737,0.0072,18.5626,13.7743,-0.0725,-0.6,1
78.661,57.7091,96.9095,43.9417,8.6641,0.7623,1.0,0
79.0398,57.3748,94.6209,44.4557,8.5846,0.7228,1.0,0
58.7001,47.5772,54.6753,32.1674,14.921,-0.0988,0.2,0
57.7315,46.4237,52.7189,32.1674,14.921,-0.1031,0.2,0
47.34,36.0197,26.3146,23.379,18.0367,-0.095,0.2,1
47.5076,37.2627,27.5141,23.379,18.0367,-0.1082,0.2,1
54.9318,53.3655,73.622,21.5285,16.1865,0.1707,0.2,1
51.165,50.5215,60.239,21.0496,17.0326,-0.1122,0.0,0
56.6533,52.2183,79.4057,23.1264,17.8083,-0.018,0.2,0
50.5353,37.8235,48.5062,18.5888,17.0363,0.0625,0.2,0
56.2898,51.7467,82.2031,21.3804,15.8901,0.0819,0.2,0
42.3477,42.1126,9.7495,25.2811,26.054,-0.3021,-0.2,1
45.92,44.1712,82.9724,17.7484,29.57,-0.5597,0.2,1
60.0001,57.1936,59.5125,35.2587,17.5474,0.7142,0.2,0
59.3458,52.363,40.9235,29.3448,15.3538,0.3128,-0.6,0
52.0446,39.521,54.0564,22.2214,18.4813,-0.2469,-0.2,0
54.1446,49.072,80.177,21.0975,17.6247,-0.036,-0.2,0
50.9854,53.103,43.4025,17.9569,17.2934,-0.0008,-0.2,1
52.2956,48.7144,77.1126,19.0497,17.7091,-0.1387,-0.2,1
58.3114,44.8161,87.3007,21.2583,16.8023,0.082,0.2,1
64.416,65.3462,78.6229,23.2221,14.9226,0.3061,0.2,0
62.9627,62.5102,86.0827,23.4988,14.5805,0.2691,0.2,0
46.469,41.3236,34.323,20.588,28.1294,-0.1735,-0.2,1
57.1881,55.8274,99.9907,23.5157,20.2104,-0.1227,0.0,1
65.2947,60.4226,91.9081,27.9043,14.9427,0.4639,0.6,1
81.7555,75.0536,97.735,44.169,8.9236,2.1754,0.2,0
66.7473,50.2356,42.3894,24.7599,10.2293,1.6744,0.2,0
66.0269,56.8273,63.2423,23.3298,8.0309,0.6007,-0.2,0
46.6914,60.0919,38.7675,12.3588,23.3696,-1.0724,-0.6,1
49.1901,61.3321,77.3907,13.275,21.2974,-1.1076,0.2,1
49.9397,65.864,70.1382,12.6839,20.6611,0.14,0.2,0
44.2217,55.3051,46.7844,12.362,22.7705,-0.2259,-0.2,0
44.3489,56.1236,36.1687,11.9582,23.79,-0.2657,-0.2,0
49.2438,55.3563,92.6808,14.8657,26.2972,-0.0968,0.2,0
29.8301,51.3613,21.5755,12.3359,33.1945,-0.6311,-1.0,1
31.454,41.7608,23.5656,14.7451,24.4964,-0.747,0.2,1
49.5147,55.7472,66.6127,20.2045,18.6821,0.0536,0.2,1
57.5285,55.7139,78.9826,23.2189,15.8771,0.371,0.6,1
58.1413,57.4653,9.8829,26.3559,16.3653,0.1461,-1.0,0
66.9161,46.8796,87.469,22.4851,16.25,-0.1193,0.6,0
41.9486,42.8804,4.9024,22.1267,26.2013,-0.0791,-0.6,1
47.812,33.8995,67.1436,20.3801,21.1917,-0.2852,0.6,0
75.072,68.9686,94.1424,35.3152,14.6259,0.758,0.6,0
39.0846,43.0374,0.0,22.0537,29.303,-0.1432,-0.6,1
30.6372,38.8154,16.486,14.7502,32.5701,-1.0662,-0.6,1
51.9103,57.4813,90.8993,22.7487,23.1162,0.0678,0.6,1
46.119,57.0183,24.3651,25.6515,29.1281,0.3315,0.2,1
50.755,56.0893,44.1074,25.9846,24.307,0.1317,0.2,0
55.4114,50.0949,72.024,28.4538,23.0196,0.1969,0.6,0
47.5626,49.4599,81.6239,21.4884,25.3761,0.085,0.2,1
47.7108,47.859,72.7245,19.036,23.4215,-0.3478,0.2,1
53.9407,54.515,69.4998,20.6356,18.3425,0.2103,-0.2,1
71.5531,71.1168,97.4099,30.1373,13.6842,0.4738,1.0,0
45.9776,52.5896,6.9,21.4299,22.8848,-0.0105,-0.6,0
46.1821,52.3649,14.7867,26.8063,21.7117,-0.4004,-0.2,0
41.547,52.2154,37.0415,19.7394,22.1854,-0.2922,-0.6,1
43.0817,49.9177,43.2536,19.3511,19.0541,-0.4045,-0.2,1
54.1623,55.9548,59.173,26.0851,17.953,0.3545,0.2,0
56.793,46.8913,98.1549,23.8719,20.8271,0.3922,0.2,0
37.0225,48.7371,30.3099,9.4839,25.3555,-0.3315,0.2,1
51.4149,68.4014,59.4018,11.6397,18.0208,0.0749,0.2,1
62.9837,51.5475,54.989,23.682,9.9968,0.3731,0.6,0
50.0947,45.4747,39.7931,16.2917,18.9507,-0.1629,0.2,1
63.1822,48.3072,59.5086,27.5577,11.9266,0.1927,0.2,1
61.628,54.0516,58.0384,22.8511,14.1587,0.1714,-0.2,1
46.2595,43.8436,6.4466,18.2346,19.5587,-0.0243,-0.2,0
47.5955,54.2353,44.6193,12.1612,21.3945,-0.0143,-0.2,0
42.8558,48.0483,52.5342,9.7014,18.6294,-0.0182,0.2,1
60.599,59.9436,86.7833,15.1857,12.254,0.1291,-0.2,0
46.2259,36.6433,52.7972,12.8534,18.4088,-0.0977,0.2,0
34.1878,49.7135,56.7891,7.7201,24.9306,-0.0973,-0.6,1
59.4238,62.3953,64.7563,19.1452,18.5766,0.2002,0.6,1
72.8315,76.9253,99.779,28.9559,15.1618,0.3089,0.2,1
73.5331,59.1433,88.5264,28.4665,9.9613,0.2012,0.2,0
61.5468,56.6826,91.8965,22.2344,15.0812,0.0611,0.6,1
46.7313,39.1345,5.739,23.7724,18.3441,-0.0016,-0.2,0
43.3009,56.663,55.2361,14.528,18.7715,0.0321,-0.2,0
38.9066,47.2692,47.1298,11.4839,25.8822,-0.1743,0.2,1
49.0963,43.7631,72.9713,16.925,20.9198,-0.005,0.2,0
36.2289,25.9156,29.2532,14.2877,27.9057,-0.1507,-0.6,1
54.0511,58.5697,84.38,17.0941,16.2754,0.1778,0.6,0
50.2153,44.7395,50.5434,17.6784,17.0012,-0.0086,-0.2,0
41.3166,41.027,38.2619,10.0658,24.8715,-0.2279,-0.6,1
57.1816,45.4363,35.3387,20.7803,14.5329,0.2724,0.2,1
58.7907,50.9952,47.5756,26.9441,11.0985,0.1282,-0.2,0
34.3695,49.7366,31.0722,16.6189,31.5342,-0.2285,0.2,1
53.4164,55.4281,91.5844,16.7365,24.2737,0.1121,0.6,0
19.7767,36.3021,14.5799,7.4668,34.0322,-0.5005,-1.0,1
54.1341,58.2899,95.0422,21.4814,22.9955,0.2811,0.6,1
55.5384,63.8067,25.8543,22.3844,17.5736,0.1353,-0.6,1
61.9117,64.1046,45.736,25.0024,13.1823,0.116,0.2,0
38.3834,49.4776,29.0935,15.0679,26.7896,-0.3508,-0.2,0
40.5628,55.7876,72.8982,11.2913,23.8663,-0.0472,0.2,0
49.064,56.0565,80.9823,19.8229,26.5594,-0.1461,0.2,0
43.7285,46.57,68.5125,20.3128,22.5161,-0.1545,0.6,1
69.1467,48.7201,67.277,28.7867,14.8313,0.1654,0.6,1
53.9044,57.8697,17.6852,21.8974,15.7742,0.0032,0.2,0
35.3634,40.7285,38.6242,17.0357,24.964,-0.3044,-0.2,0
30.196,42.0823,3.4853,11.3816,26.8304,-0.1907,0.2,1
51.4043,51.445,94.3309,11.6298,22.5593,0.1754,0.2,0
38.1471,53.8714,64.7375,13.2589,33.278,-0.4755,0.2,0
35.5143,49.7304,8.1734,15.4393,27.483,-0.3182,-0.2,0
38.2905,39.306,41.158,22.4627,29.0466,-0.3366,-0.6,1
54.7924,53.2874,96.4491,32.0587,25.121,0.1236,0.2,1
58.9988,44.5261,75.8295,30.528,18.2144,-0.0711,0.6,1
55.5182,41.7536,11.3236,30.6843,15.4568,0.1165,0.2,1
60.2154,44.3362,84.3685,30.4232,14.7619,0.2246,-0.2,1
54.1939,53.8583,67.1544,27.2466,16.5028,0.0429,-0.6,1
52.44,57.7686,58.7259,22.8362,16.3255,0.0606,0.6,0
49.4631,57.7707,63.4435,19.1328,18.3196,-0.1174,-0.2,1
60.5644,71.0222,68.4313,26.4552,13.4488,0.2494,0.6,0
55.2354,52.009,95.3136,21.7926,19.035,-0.1213,-0.2,0
48.8734,53.6409,98.7869,17.7802,20.8075,-0.0905,-0.2,0
35.9154,54.8225,51.2878,9.2903,32.5569,-0.4421,-0.6,0
36.6842,37.4638,11.0172,13.7494,27.635,-0.1242,-0.6,1
42.2371,40.4313,12.863,14.2299,24.6732,0.0053,-0.2,0
55.7541,59.7643,89.4788,24.2487,24.2504,0.125,0.6,0
55.0471,52.828,74.5485,21.5902,17.854,0.1145,-0.2,0
46.7079,43.1808,47.0971,14.2954,19.5,-0.1414,0.2,0
49.1609,49.5433,27.7307,23.3967,27.4164,-0.017,0.2,0
35.217,33.9992,24.5943,9.7476,28.4071,-0.6558,-0.2,0
34.3137,32.7532,0.1166,12.5839,34.7571,-0.6324,-0.6,1
58.9918,57.7361,76.8126,25.1536,19.0582,0.4084,0.2,1
60.2281,63.7426,84.9931,23.6206,19.5748,0.1929,0.2,0
36.7493,50.6011,23.4749,13.9435,26.694,-0.3887,-1.0,0
33.4471,46.7058,43.0746,11.0876,23.7959,-0.624,-0.2,0
42.5271,50.2719,34.8841,14.9565,26.5646,0.0936,0.2,1
58.841,51.8837,33.1674,25.65,17.1192,0.695,-0.2,1
67.4089,56.057,40.9753,32.8339,9.7751,0.7139,0.2,0
55.0976,43.5722,14.8552,22.6251,17.6713,-0.0469,-0.6,0
26.0394,31.3967,2.3911,16.2239,29.1213,-0.5458,-0.2,1
46.6572,49.8481,61.6888,14.0089,19.4559,-0.0256,-0.2,0
29.6904,31.25,8.5942,10.6655,31.9942,-0.6485,-0.2,1
44.7983,39.1223,10.0889,19.2011,21.3194,0.2419,-0.6,1
46.7508,45.2157,43.7579,15.4881,21.0657,-0.0044,0.2,1
65.7954,55.834,76.3155,27.8607,15.0378,0.4724,0.2,1
59.2032,32.896,43.5059,26.2584,13.6988,0.0996,0.2,0
39.2465,29.0769,0.0,17.1989,19.1188,-0.2893,-0.6,0
32.4879,44.0203,4.624,11.7251,20.4463,-0.1767,-0.6,0
46.6146,50.9131,92.5149,10.0139,21.0867,0.0141,-0.2,0
45.2786,50.7777,52.1259,17.5086,27.7897,-0.3177,0.2,1
48.9667,36.8726,48.9201,17.7886,25.859,0.0254,-0.2,1
56.6759,48.1291,93.308,23.5635,22.5466,-0.0076,0.6,1
60.1478,47.6365,53.0651,31.6395,22.1797,0.1784,0.6,1
72.8094,69.8368,71.6571,39.4225,15.2304,0.4193,0.6,0
47.3592,47.2753,20.935,26.2288,19.574,-0.2685,-0.6,0
40.0524,46.1857,27.8923,17.7545,25.6259,-0.1656,0.0,1
57.9079,38.815,54.5975,15.4735,25.8008,0.1686,-0.2,1
60.9251,53.9055,39.1244,27.572,11.9401,0.1001,0.2,0
46.5082,37.2697,6.008,22.8812,14.4767,-0.054,-0.6,0
32.9672,35.3212,14.5041,14.753,22.5507,-0.2338,-0.6,1
66.2254,52.3248,81.7491,24.0192,13.1662,0.4926,0.2,0
44.4972,22.4125,6.284,20.7384,20.7815,-0.0796,-0.6,0
26.339,25.3369,15.2957,16.2384,27.8693,-0.2263,-0.2,1
62.8977,61.1008,84.1685,25.5946,17.3584,0.3525,1.0,0
48.0226,41.0565,40.6767,19.1967,19.6933,-0.1259,-0.2,0
48.0721,47.2729,59.9829,14.8944,20.1257,-0.134,0.2,0
37.6684,42.7768,45.2726,11.1505,27.8651,-0.2901,-0.2,1
53.1005,50.1542,64.0117,15.9656,16.3721,0.2138,0.2,0
46.3829,37.3714,50.2444,18.8485,17.6528,-0.0876,0.6,0
42.7403,38.131,81.1948,15.0561,21.6429,-0.0927,0.2,0
31.9869,33.6855,17.9713,13.1761,28.2147,-0.3614,-0.6,1
47.3324,47.0475,10.156,21.3506,15.5601,0.1247,-0.6,1
49.9597,47.9252,54.8603,17.6342,19.417,0.0288,0.2,1
57.8611,53.9551,69.5764,17.6008,15.8194,0.1314,0.6,0
43.2901,37.5741,0.0,19.0893,21.0842,-0.2151,-0.6,1
55.8338,49.1052,83.7085,23.7206,21.8923,0.1174,0.2,0
38.5632,46.8322,7.5726,14.635,21.8186,-0.2054,-0.6,1
56.2865,43.0787,73.7672,17.7051,15.0731,0.0773,0.6,1
70.8617,69.6023,99.9819,25.4814,11.7738,0.259,0.2,1
57.7651,46.7652,29.4371,24.1161,12.907,0.0312,0.2,0
45.0837,33.8271,3.845,18.3964,16.5392,-0.1564,-0.6,0
31.0301,30.2439,6.517,13.4128,24.3256,-0.2109,-0.6,1
46.2434,31.5524,40.4168,15.8593,18.3921,0.0544,0.2,0
48.1448,52.4126,80.3084,17.5075,24.4243,-0.0371,-0.2,0
36.8939,41.3666,18.8419,17.655,23.6191,-0.1357,0.2,1
48.5281,51.4949,59.7365,18.0405,20.8225,-0.0102,0.2,1
57.7394,59.7606,59.1002,22.5427,16.9402,0.1232,-0.2,1
65.8623,51.628,81.9831,30.1022,17.1059,0.043,0.2,0
43.8569,45.6439,38.8264,17.0198,16.4716,-0.3156,-0.2,0
29.0044,40.7753,3.8779,9.3751,21.1263,-0.2556,-0.8,1
43.7309,44.9523,38.1751,17.987,18.4505,0.0941,0.6,1
83.8181,86.1489,85.5387,48.1295,5.8611,1.1153,0.6,0
56.2123,59.661,86.2674,23.5123,21.072,-0.347,-0.2,0
50.5702,49.1927,16.3758,20.5456,17.1662,-0.0529,-0.6,0
38.894,42.9025,41.9311,12.691,29.2183,-0.2763,-0.2,0
24.636,30.4889,3.7887,7.1998,37.0745,-0.3598,-0.2,1
47.2266,40.5219,16.7409,17.8777,27.611,0.2292,0.2,1
55.7854,52.8052,53.9771,20.3101,22.8556,0.1283,0.6,1
64.4605,48.2364,94.7779,28.8886,15.5073,0.2611,0.2,1
63.7208,47.0233,50.1323,32.1613,17.2683,0.2126,0.2,0
53.218,48.191,59.7742,19.7199,15.3388,-0.099,0.2,0
44.3982,41.6493,34.103,13.8637,16.2092,-0.1085,-0.2,0
37.4589,37.8352,23.2619,13.2644,22.1022,0.0227,0.2,0
34.3765,33.8263,31.3929,16.95,22.0186,-0.1436,-0.2,1
64.9204,68.6283,74.3215,25.8213,11.9438,0.3983,0.2,1
79.6891,74.9138,95.3331,38.1277,12.33,0.6808,1.0,0
61.0466,61.7441,33.0327,25.8345,16.9151,0.0104,-0.2,0
46.4992,49.1295,45.4018,19.1942,21.2974,-0.1218,-0.6,1
66.7589,52.8083,63.0872,28.2693,12.6194,0.3859,0.6,0
49.5076,42.9809,15.5495,19.9228,16.5383,-0.1537,-0.6,1
54.5393,42.6067,21.4514,25.6987,11.4821,0.1078,0.2,0
36.2438,34.0737,28.363,16.5292,17.1411,-0.1821,0.2,1
59.7332,50.4008,57.6935,23.5495,12.2654,0.1668,0.2,0
51.9888,34.5829,72.6982,23.1838,18.407,0.0169,0.2,0
39.2589,31.917,3.005,18.1792,27.671,-0.1885,-0.6,0
41.8132,54.4227,76.9693,20.1535,25.5654,-0.1789,0.6,1
59.4626,66.0974,20.2188,20.6406,16.2271,0.1216,-0.2,0
40.9452,45.3589,20.4354,19.7882,23.0173,-0.1457,-0.2,0
49.1357,51.1306,95.6654,16.241,25.3008,-0.1157,0.2,1
49.6562,55.6802,64.1359,16.1894,31.0837,0.0911,0.2,1
50.8525,61.77,45.2192,13.3153,25.4844,-0.0463,0.2,0
45.4083,45.2279,37.2948,10.9296,27.3814,-0.1621,0.2,0
44.1567,36.8419,61.22,9.3687,24.6721,-0.1504,0.2,1
53.1151,60.1588,62.8557,11.9147,23.2495,0.0295,-0.2,1
53.3045,68.8112,56.8174,13.4221,22.4543,0.0232,-0.2,0
48.934,42.3052,90.5378,14.4683,23.8033,-0.0601,0.6,0
42.5633,56.4866,15.6452,13.4135,23.2816,-0.1055,-0.2,1
55.3572,75.5195,65.7439,18.6911,21.0091,0.2395,0.2,0
46.6335,57.9616,48.96,15.0312,17.9242,-0.0555,-0.2,0
38.3711,45.7124,14.6531,12.1613,23.7576,-0.0972,0.2,1
54.8834,60.6067,51.0469,18.4242,14.3069,0.1886,0.2,1
66.1362,67.0145,27.2055,28.1576,12.2453,0.3225,-0.2,0
47.8023,57.1046,0.0,19.8422,14.682,-0.1524,-0.2,1
54.4082,43.0826,56.0684,26.2201,11.4724,0.0967,0.2,1
56.2023,63.8967,60.369,27.6074,23.456,-0.0802,-0.2,0
35.624,58.2118,72.3329,12.0095,30.2472,-0.3967,-0.2,0
33.4944,36.9575,4.8916,15.1725,29.9574,-0.2212,-1.0,0
41.8031,54.5377,66.9842,16.8674,28.0828,0.01,0.2,1
43.5137,36.1319,37.1357,14.5182,24.025,-0.0522,-0.2,0
33.0925,39.2534,9.6385,13.7721,29.5308,-0.3728,-0.6,1
48.433,45.5627,28.9219,15.5673,18.1076,0.1704,-0.2,0
44.4911,50.7185,28.0537,16.4329,23.0333,0.0039,-0.6,1
53.2652,46.1762,3.1808,28.6112,17.0692,0.2533,0.2,0
42.1397,31.5106,44.5553,18.7036,24.67,-0.1813,0.2,0
47.6954,51.1889,58.4581,14.4746,21.9936,-0.0602,0.6,1
67.1091,61.8139,96.5427,20.4119,11.8375,0.2459,0.6,0
47.9483,42.8728,25.4371,19.3272,18.8021,-0.0475,0.2,1
50.56,34.1987,28.3711,19.5608,17.6658,-0.045,-0.6,0
33.9276,41.9479,45.9296,11.6555,18.4488,-0.1678,-0.2,1
58.2001,62.6164,97.9634,13.7885,23.1324,0.1811,0.2,1
68.1087,63.297,99.9915,17.7766,15.1625,0.2309,0.6,1
67.0539,48.9341,99.9889,22.3082,10.569,0.3052,1.0,0
56.19,52.2529,9.4984,24.7922,9.2119,0.0309,-0.2,1
51.3224,49.919,30.9326,18.4673,14.7887,0.103,0.2,1
62.3545,57.2376,67.6773,21.245,9.7791,0.2117,0.2,0
41.8864,40.4203,58.2518,15.9236,24.7943,-0.2187,-0.2,1
55.7534,51.283,65.318,24.1731,16.9301,0.166,0.2,0
40.5003,45.6392,72.2434,16.6532,29.4138,-0.2099,0.2,0
28.376,47.8457,26.1142,13.5108,34.0875,-0.3585,-0.6,1
54.802,59.3246,77.2844,23.3128,23.1872,0.1791,0.2,0
51.0545,49.9533,73.9217,21.0727,25.4371,-0.0487,-0.6,1
59.8819,68.6404,77.0421,26.9559,23.2678,0.0673,0.6,1
58.8664,58.4438,50.5422,24.2043,22.1124,0.1676,0.6,1
56.4392,54.7441,62.3802,28.862,21.5922,0.0484,-0.2,1
46.0517,62.9831,0.8116,21.427,27.3579,-0.0267,-0.6,1
41.6897,54.7243,25.7397,17.9989,26.7192,-0.2216,-0.2,0
41.1873,54.2752,29.7644,13.8955,24.7791,-0.1691,0.2,1
65.2486,56.6313,71.2473,28.5311,17.2777,0.467,0.6,0
57.5233,52.7999,73.0454,29.7181,19.5212,-0.029,-0.2,0
41.48,48.1752,95.336,14.8985,32.0916,-0.1607,0.2,0
49.0471,46.9166,67.0278,18.2887,27.0464,-0.0646,-0.2,0
21.4867,27.637,0.8089,10.9433,41.885,-0.7483,-0.4,1
34.6578,41.573,52.1697,22.0895,37.6425,-0.5072,-0.2,1
38.0147,37.002,53.1846,21.0432,30.5721,-0.0967,0.6,0
41.1849,50.2362,69.269,17.124,31.6397,-0.0174,-0.2,1
43.441,55.7896,5.196,19.8507,25.9694,-0.0429,-0.2,0
28.0405,24.6499,12.7451,14.6419,36.3783,-0.6885,-0.6,1
58.1536,58.3191,73.1944,24.0696,27.6013,0.3389,0.2,0
44.6102,49.2061,21.3398,14.1202,23.5661,-0.409,-0.2,0
45.845,57.2949,29.8018,11.9137,30.5301,-0.0345,-0.2,1
57.8667,57.2391,47.551,19.3077,22.0998,0.3088,0.6,0
49.5658,61.7985,42.3734,15.0007,22.8051,-0.0804,-0.6,0
47.4516,49.58,15.9452,21.1882,27.0647,-0.0287,0.2,1
59.2408,55.3696,30.9185,25.3919,17.2018,0.5146,-0.2,1
58.1426,49.2596,63.515,21.269,17.024,0.1838,-0.2,0
54.4285,52.2656,51.3628,19.6124,14.0296,-0.0321,-0.2,1
57.5888,33.0612,17.7662,21.2748,15.3949,0.0916,-0.2,1
66.7752,55.6728,57.8164,30.8141,11.5677,0.248,-0.2,0
46.2954,40.5231,26.6467,23.0121,18.6885,-0.3066,-0.2,0
41.6213,44.7157,16.6029,17.6622,19.0932,-0.1504,0.2,1
55.329,53.8683,98.6429,25.3875,13.4931,0.2269,0.2,0
48.5168,40.44,11.2098,25.6697,25.145,-0.0656,0.2,1
55.0022,39.0203,59.552,26.9447,20.6775,0.0989,0.2,0
42.8608,36.8284,47.9764,16.63,29.3984,-0.3282,0.2,0
42.1514,60.2048,14.9888,19.1712,28.1886,-0.0678,-0.2,0
42.0294,40.3643,8.7156,23.745,31.4976,0.0284,0.2,1
53.8166,47.1736,58.2968,27.0477,20.8512,0.2151,0.6,0
41.5932,33.375,0.0072,21.1248,26.8826,-0.2828,0.2,0
43.2919,50.8966,68.3795,19.3697,25.5562,-0.071,-0.2,1
58.9986,51.627,48.9991,26.8955,12.8091,0.3433,0.2,1
48.8861,51.6717,54.856,23.5872,13.5805,-0.076,-0.2,0
21.5654,30.949,7.2646,13.6779,25.8306,-0.4473,-0.6,1
55.2448,42.1475,94.5134,17.2604,17.2054,0.2383,0.6,1
76.3917,58.8392,75.0348,32.0812,14.6057,0.3938,0.6,0
41.4898,35.0987,0.3476,23.6429,26.6122,-0.3234,-1.0,1
64.3499,57.028,95.2088,28.8215,16.1725,0.3789,0.6,0
41.6784,31.983,26.9274,16.251,19.0544,-0.1187,-0.2,1
51.1348,46.3202,63.9658,22.4561,17.6362,0.1671,0.6,1
49.3773,48.9125,2.4954,22.6346,13.3993,0.0349,-0.6,1
47.2512,48.7322,9.1362,23.6078,18.6536,-0.2003,-0.2,0
47.6455,39.7031,4.0018,21.7472,23.2411,0.035,-0.2,1
52.7587,57.1125,49.515,20.2248,26.349,0.2182,-0.2,1
65.1599,63.8819,75.0624,26.2264,19.6957,0.5919,0.2,0
45.8041,44.5007,30.3576,16.6918,21.8815,-0.3215,-0.2,0
49.8706,44.2849,63.1998,21.5432,21.3974,-0.1244,-0.2,1
60.717,48.3898,79.6706,24.3152,19.8927,0.0544,0.2,0
36.0471,37.2364,14.0709,21.454,19.144,-0.6203,-0.2,0
61.5472,55.6253,90.2712,24.89,21.6824,-0.1459,0.6,0
47.154,49.697,71.6689,18.368,20.5041,-0.3092,-0.2,1
46.4194,41.9803,18.1219,16.9719,18.1143,-0.0227,-0.6,0
36.8297,37.8238,35.2449,16.3901,17.9724,-0.2967,0.2,1
64.6659,39.1805,49.001,26.0267,12.922,0.2218,0.6,0
49.3944,46.2957,20.524,20.8967,16.7065,-0.1404,-0.2,1
49.9861,46.0897,59.8588,18.8801,14.7153,0.0554,0.2,0
34.84,32.89,2.7982,14.2019,26.6977,-0.5117,-0.6,1
46.183,51.995,55.0206,19.2331,23.7564,0.0338,0.2,0
49.6969,46.5689,82.8083,18.8791,18.5224,0.065,-0.6,1
59.426,47.6445,48.1457,22.7355,17.2387,0.2579,-0.2,1
56.4214,37.097,2.7679,28.2926,11.7118,0.0834,-0.2,1
50.6224,41.0316,61.0776,19.1146,12.1478,0.0282,-0.2,0
38.4609,25.1861,13.6936,14.8174,19.9238,-0.1125,-0.6,1
57.9686,49.5276,77.9459,20.961,15.5326,0.1555,0.6,0
43.6475,50.1672,46.094,22.1799,20.9847,0.0816,-0.2,1
67.6716,49.7096,29.8006,27.745,10.0626,0.0263,0.2,0
52.1163,45.8048,46.5862,22.8279,15.7573,-0.0481,-0.6,1
52.8625,42.4646,39.2352,29.3664,15.9378,0.1031,0.2,1
57.6188,47.2305,45.1862,29.1721,16.1306,0.0819,0.2,0
57.318,51.8316,88.8301,21.7627,15.1049,-0.0417,0.2,0
46.0518,43.9993,7.6506,24.8297,17.107,-0.042,-1.0,1
64.4122,52.3269,78.6364,27.8658,15.9996,0.3199,1.0,1
49.6436,41.9504,10.4581,24.0253,17.0923,-0.1568,-0.2,1
60.2285,50.9622,60.6098,24.4917,13.3527,0.1522,0.6,0
50.6933,38.5351,46.0819,24.2241,15.6606,-0.0045,0.2,1
82.4407,73.6397,86.5747,43.1094,7.9593,0.5647,1.0,0
54.34,50.2786,90.4051,22.1438,22.3887,-0.1518,0.6,1
48.8502,46.295,4.0401,24.7866,18.5528,0.0319,-0.6,0
53.1379,53.6004,97.9308,16.5682,19.9708,-0.036,0.6,0
39.9897,34.1503,0.0,12.6801,20.7154,-0.1507,-0.2,0
46.0419,48.9686,57.2459,17.966,26.1355,-0.0363,0.2,1
58.7982,55.2484,81.2473,20.556,16.5021,0.2735,0.2,0
45.182,47.1556,41.9809,18.9542,25.3965,-0.2382,-0.6,0
45.5201,51.6789,35.9947,16.6998,21.2068,-0.1133,0.2,1
66.4825,61.8231,96.9215,28.6631,11.2711,0.4373,0.6,0
52.648,57.573,20.3594,25.692,15.1334,-0.1599,0.2,0
46.164,44.6049,24.1265,25.5031,14.4862,-0.1163,0.2,1
70.7736,64.7576,73.5002,39.2013,12.0014,0.4182,0.2,0
46.3549,48.371,15.3096,21.9062,16.3868,-0.2348,-1.0,0
38.4965,31.8455,26.1285,21.2825,17.274,-0.0757,-0.6,1
75.2791,57.1536,72.7102,35.7984,11.8084,0.4332,0.6,0
54.3672,37.3465,45.1552,27.2309,12.0404,-0.205,0.2,1
53.6967,35.8039,31.573,26.2771,10.3628,0.0879,0.2,0
39.8846,39.6471,22.2916,20.2373,21.2363,-0.0949,0.2,0
51.0223,49.768,95.7484,16.9912,22.4648,-0.2,0.2,0
51.5897,49.3568,73.222,19.0574,18.2601,0.0519,0.6,0
42.3817,50.9293,60.0207,13.578,26.7008,-0.2435,0.2,1
55.4154,56.6581,35.0766,25.0417,18.2996,0.1251,0.2,1
61.8584,42.178,35.4952,29.8796,10.6562,-0.0464,-0.2,1
53.4337,55.6795,7.2778,27.4253,10.5131,0.1707,-0.2,0
45.7423,39.6581,17.7898,19.0378,12.069,-0.1321,-0.6,0
47.4976,51.4626,81.7218,11.5279,17.8402,-0.0733,0.2,1
49.8409,37.6382,73.5744,17.8541,22.6275,0.0621,-0.2,1
63.3982,49.8684,65.6186,27.9823,14.3842,0.0237,-0.2,0
37.7169,32.447,66.3051,13.4544,31.0745,-0.4482,0.6,0
44.7264,47.7642,83.0509,13.406,25.4735,-0.0338,1.0,0
31.7683,42.6423,15.2059,15.2897,32.3206,-0.4455,-0.6,1
53.4271,45.5699,49.9858,20.4025,20.6866,0.1613,0.6,0
42.049,44.5999,66.1761,13.68,30.7052,-0.2906,-0.6,1
53.9226,50.8701,43.4843,21.335,17.7323,0.1898,0.6,1
51.027,51.0665,63.1521,20.2485,22.0823,0.0604,-0.2,1
50.6279,53.2457,31.0671,20.8807,16.9902,0.09,0.2,1
51.2382,41.8002,19.2494,19.6857,12.9687,-0.0722,0.2,1
66.0161,58.2658,31.6087,26.9553,8.1847,0.161,-0.2,1
78.6394,64.7836,71.5551,36.8407,4.163,0.59,0.2,0
50.3564,51.3374,20.1123,24.9563,13.4132,-0.0984,-0.2,1
49.0765,65.4787,33.3417,19.9414,14.9705,0.003,0.4,1
55.2744,44.35,61.4436,22.4912,16.0405,0.1231,0.2,1
76.6647,68.6569,90.2393,36.6456,9.543,0.4847,0.6,0
54.5337,34.3564,27.0259,26.9232,17.828,-0.1333,-0.2,1
57.9324,55.4363,51.5633,29.5788,14.9518,0.2464,0.2,0
54.68,46.1277,61.6196,24.5115,21.059,-0.0565,0.6,0
38.3089,33.5932,31.7432,19.0235,31.6326,-0.2472,-0.2,0
39.4202,48.1122,48.2309,12.5423,29.5321,-0.1246,-0.2,1
50.9911,46.3888,22.1087,22.9571,18.3012,0.1455,0.2,0
44.9367,38.776,5.4169,18.2727,19.5711,-0.1283,0.2,0
41.8635,45.2854,37.0219,16.1864,22.9376,0.0195,0.2,1
45.4137,60.4143,38.7744,14.3093,21.0563,0.0374,-0.2,1
48.4167,50.995,61.8439,13.1258,23.3295,0.0091,-0.2,1
58.1179,48.8884,81.8684,24.7464,20.9333,0.1003,0.6,1
58.6992,63.828,52.8907,23.7948,16.8578,0.0778,-0.2,0
31.3941,25.8025,2.3974,15.8018,28.2246,-0.3496,-0.6,1
33.3321,32.9072,29.6073,12.9627,23.7624,-0.1153,-0.6,1
59.3715,54.0907,36.7215,26.572,17.2619,0.2089,0.2,1
58.3645,48.8956,31.0012,22.6796,14.9922,-0.0197,0.4,0
41.5228,39.1722,37.1963,12.9894,20.4891,-0.2445,-0.2,1
68.9133,58.4132,69.424,18.0433,11.8598,0.3009,0.6,0
39.0027,44.3128,18.6928,12.8263,15.5451,-0.2925,-0.6,1
56.3541,47.2136,47.1247,26.2057,10.9134,0.1068,0.2,0
37.3453,42.3435,8.8242,23.8913,23.9486,-0.3274,0.6,1
61.0301,57.0909,59.3375,28.4533,14.2605,0.3729,0.2,0
20.1935,31.304,0.0,15.3805,37.1799,-0.4808,-1.0,1
50.1288,55.2811,65.4953,25.9233,28.3065,0.2321,-0.2,1
54.601,60.9621,67.3206,22.0171,22.7419,0.0824,0.6,0
42.9756,46.4196,37.6499,17.2826,25.9497,-0.2726,0.2,0
33.0587,39.0542,33.4558,11.5415,35.4591,-0.5434,-0.2,0
56.8328,57.2915,70.6456,22.3329,24.5502,0.6491,0.6,0
44.4882,46.8084,26.7635,18.3765,31.0535,-0.2555,-0.6,1
51.7655,59.4504,41.34,22.9747,24.4473,0.0934,-0.2,1
54.0569,62.4121,71.8552,20.0771,22.4426,0.0203,-0.2,1
54.5156,56.5056,65.67,17.3368,20.9154,0.0039,0.2,1
53.5069,56.5595,45.0348,17.5949,18.1902,-0.0576,-0.2,0
45.1771,49.6463,69.1986,17.6139,22.5053,-0.1878,-0.2,0
44.5693,53.1421,16.7509,18.1126,23.5468,-0.1442,-0.6,0
43.9209,43.1236,50.489,5.8602,22.5957,0.1276,0.2,0
31.3696,40.7429,2.8368,5.6612,31.586,-0.4971,-0.6,1
51.0841,62.9105,92.7254,12.7433,23.395,0.1614,-0.2,0
48.7907,53.8832,70.5474,14.1236,24.3217,-0.1126,0.2,0
42.6003,49.2637,95.6334,12.3169,32.3653,-0.6894,0.2,1
66.891,55.7197,72.09,25.0735,19.7588,0.7027,0.6,0
53.5149,45.0939,54.1776,20.5077,25.2106,-0.1367,-0.6,1
51.6512,44.4507,48.672,21.0957,20.2972,0.0441,-0.2,1
71.504,65.777,96.8125,32.4551,15.9848,0.4844,0.2,1
70.0065,60.9211,45.2999,34.8935,8.6199,0.4793,-0.6,0
49.6157,54.9416,67.3397,18.4479,20.129,-0.3139,-0.2,1
58.2091,44.4574,41.9573,26.6894,11.3896,0.1518,-0.2,1
65.7431,59.8307,77.0646,33.9799,10.2275,0.3962,0.2,0
59.5108,45.801,99.6194,25.612,11.5639,0.1022,0.2,1
74.38,60.7731,99.854,37.428,9.524,0.6144,0.6,0
57.0836,48.1346,55.1448,27.2059,14.909,-0.0183,-0.2,0
48.9579,45.1118,50.2349,20.5533,19.7998,-0.137,-0.6,1
72.8811,71.0169,93.5317,34.4966,13.891,0.5117,0.6,0
51.8705,43.7372,83.0629,25.2319,20.7286,-0.2239,0.2,0
53.1222,46.8725,100.0,25.5558,20.3529,-0.0026,0.2,1
88.4806,75.3317,99.3385,50.6969,7.1382,1.1723,1.0,1
84.2423,67.2418,100.0,41.0619,6.9133,0.8507,0.2,0
56.3681,51.6165,48.0333,25.6047,17.481,-0.1166,0.2,0
52.1761,48.4093,49.4579,26.1152,19.0013,-0.101,-0.2,0
44.625,51.1107,4.3751,25.8855,19.6851,-0.063,-0.2,1
60.6222,55.1418,73.993,28.5746,14.8641,0.3118,-0.2,0
42.9469,50.9255,33.231,18.6175,25.5284,-0.169,-0.2,1
57.9735,61.9344,74.7507,25.4357,18.6228,0.1537,0.6,0
43.6664,57.316,49.4874,16.6431,33.9753,-0.3321,-0.2,0
41.6081,63.3887,53.9196,11.6199,35.7964,-0.3157,-0.2,1
47.6826,56.8496,32.1314,18.4329,23.0472,0.0195,0.2,0
51.3949,47.4846,95.7428,18.6339,25.5285,-0.0381,0.6,1
57.4457,55.6558,71.9321,20.0614,20.3541,0.1324,0.2,0
36.1538,40.8855,42.7192,12.3974,35.5932,-0.4108,-0.2,1
55.4884,58.7752,83.87,19.6074,24.2597,0.333,0.2,0
48.7461,55.241,91.7665,14.9462,27.5969,-0.1734,0.6,0
51.5614,49.2591,56.8117,16.9991,20.0186,0.1396,-0.6,0
52.3328,46.3024,85.7622,16.4771,20.6748,-0.0244,0.6,0
24.4468,34.0366,7.3743,6.0479,36.7612,-0.9062,-0.6,1
57.0569,66.8079,80.8326,19.7737,23.3299,0.2244,1.0,0
44.1896,41.3665,36.1935,15.1764,23.6196,-0.1803,0.6,1
49.1519,56.6372,35.694,19.736,19.1945,0.1688,-0.2,1
56.1917,54.0604,61.0073,28.9687,16.3376,0.1892,0.6,0
53.2981,38.4152,48.98,24.483,14.3823,-0.0304,-0.2,0
40.4985,37.1762,32.5194,14.2362,24.41,-0.2437,0.2,0
47.7486,54.8002,67.8733,14.9642,20.3286,-0.0718,0.6,1
59.5449,50.1422,42.2585,27.5781,13.9593,0.2456,0.2,1
78.5315,49.1042,76.2427,35.6919,9.5732,0.4364,1.0,1
59.1685,51.1343,50.5402,30.7518,6.7748,0.1383,0.2,0
24.4022,43.0541,0.0298,15.4833,27.9873,-0.6449,-0.6,1
51.8371,36.1892,79.3624,23.1011,22.3531,0.0479,0.2,0
43.072,34.8563,20.7816,20.5485,25.4013,-0.3328,0.2,1
47.9436,44.0528,40.4073,20.1337,25.6298,0.1041,0.2,1
53.3613,50.5683,66.5141,19.148,20.7439,0.0516,0.6,1
49.5129,47.7854,16.738,20.5589,20.2264,0.0504,-0.2,0
36.8357,34.5492,24.8017,12.3634,22.5511,-0.1907,0.2,0
42.3934,40.2079,45.9399,11.801,25.2629,-0.0816,-0.2,0
48.283,49.442,81.084,9.2357,23.8996,-0.0285,0.2,1
59.9873,61.5542,95.2419,18.9051,15.5148,0.2054,0.2,1
64.9836,61.0367,50.3027,26.7072,14.3069,0.1497,0.2,0
47.313,60.5671,48.3619,17.7369,26.8906,-0.1682,0.2,0
44.3668,43.1887,24.965,18.8004,24.167,-0.0765,-0.2,0
49.2083,38.8179,86.705,15.1685,25.0602,-0.1216,0.2,1
43.1352,33.4221,2.1713,20.8542,22.4251,-0.0371,-0.2,0
44.7541,55.9403,72.4825,17.9481,27.5834,-0.3533,0.2,1
56.837,49.9384,64.1509,21.1155,20.6702,0.2779,0.2,0
38.2766,32.8061,25.5513,11.1594,25.0425,-0.4189,-0.2,1
47.7863,54.4528,53.4199,18.2207,23.0959,0.0287,-0.2,1
53.6732,48.5263,62.8667,15.8034,19.9207,0.0248,0.2,1
64.8301,38.6077,81.7002,21.7285,16.0008,-0.0098,0.6,0
49.8467,43.6941,95.0993,15.0695,22.2363,-0.1288,0.6,1
64.7441,65.6063,55.7828,37.0377,18.759,0.7261,0.6,0
39.0537,33.3996,12.8009,23.8221,30.1593,-0.943,-0.6,1
50.6507,57.9963,53.3589,23.238,34.0803,1.8318,-0.6,0
49.1469,49.0484,60.1088,20.9734,31.0942,0.1437,-0.2,0
45.3561,37.831,81.8814,16.4452,28.8946,-0.4262,0.6,1
51.6932,64.2776,47.942,20.3186,23.4565,0.1661,-0.2,0
49.4188,44.7959,69.9505,20.1397,21.7859,-0.1153,-0.2,0
26.7011,37.5229,1.13,8.9569,28.8404,-1.0542,-0.6,1
46.3894,56.878,34.3618,15.5824,24.1807,0.0888,0.2,0
39.5463,50.3276,4.9873,20.8085,22.8358,0.0494,-0.2,1
56.024,52.4269,52.6256,23.9343,20.1922,0.457,0.2,1
64.9149,54.6859,78.4359,28.1761,13.434,0.3788,0.2,1
57.1928,47.1618,65.1058,25.1127,17.224,-0.0369,0.2,1
66.5532,51.9394,79.9109,25.3892,15.9065,0.2243,-0.2,0
53.2373,42.9522,66.5035,21.8737,19.168,0.0427,0.6,0
53.3616,43.625,56.9685,14.398,16.1466,-0.0103,-0.2,1
61.2251,60.8376,39.0635,17.7436,13.963,0.2779,-0.6,0
42.5799,39.7435,45.9276,14.3791,16.9071,-0.25,0.2,0
20.5415,45.2199,38.2352,7.3286,39.5124,-0.3875,-1.0,1
53.6144,56.5277,92.8316,17.422,26.6061,0.2921,0.6,0
52.2612,52.9753,98.6892,20.8002,26.4814,-0.1653,0.2,0
56.0246,44.898,99.97,23.0451,19.5786,-0.0004,0.2,0
38.7358,39.9365,65.652,14.6547,24.7617,-0.5308,0.2,0
44.0392,45.6909,65.7609,11.9357,28.4896,-0.2425,0.2,0
45.2176,40.128,20.9959,16.9219,23.2698,-0.1418,0.2,0
47.6357,36.4495,65.8649,16.7187,24.5006,-0.1256,0.2,0
41.6083,42.6056,91.2308,10.5051,33.4383,-0.4952,0.2,1
45.7509,43.348,68.2347,17.4736,29.836,-0.2613,-0.2,1
49.2278,45.5372,33.9273,19.0462,24.5373,-0.0448,-0.2,0
39.8961,44.8184,12.3075,15.6,22.9619,-0.0501,-0.6,1
52.2791,50.4949,33.8692,19.3052,16.1873,0.3102,-0.2,1
53.3153,49.2211,67.6535,16.7877,14.9366,0.0563,0.2,0
35.544,42.9282,49.7248,12.6292,32.8315,-0.3819,-0.2,1
57.181,60.1824,60.6125,22.6585,20.955,0.8396,-0.2,1
58.7603,47.2027,41.4741,25.0467,10.8168,0.2074,-0.2,1
64.0196,50.368,39.3945,32.2159,8.6826,0.2352,0.2,1
63.9674,49.8173,65.251,29.338,7.9593,0.247,0.2,0
52.0488,41.8707,48.36,18.4962,15.1497,-0.1312,0.2,1
55.9277,50.4358,61.5926,21.6896,12.2942,0.0956,0.2,0
49.4722,39.1254,58.7461,19.4327,21.7096,-0.1514,0.2,0
37.2989,32.3591,27.1835,12.569,33.3033,-0.2909,-0.2,1
52.4793,58.9534,44.4781,23.8999,21.0762,0.0937,0.6,1
48.8539,39.1298,18.5846,22.1642,21.8063,-0.1014,-0.2,0
36.7816,36.0181,60.7752,12.5947,28.314,-0.4701,-0.2,0
38.5388,44.8448,46.0533,10.225,26.1969,-0.1569,-0.6,1
51.4436,68.1641,98.1179,12.1315,22.4343,0.0521,0.2,0
51.2068,51.6815,92.0527,14.7718,20.1898,-0.1928,0.2,1
59.5823,47.5484,24.1514,25.7548,10.2698,0.2125,0.2,1
61.2085,38.1227,68.3092,21.9206,9.3762,0.0993,0.2,0
35.0729,32.9438,18.6614,11.8139,18.937,-0.2736,-0.2,1
42.3875,51.0772,73.1514,14.2686,21.0193,-0.0787,0.2,1
61.369,62.4231,77.0855,24.08,18.2661,0.2073,0.2,0
59.1983,50.0498,100.0,30.1512,21.9252,0.1161,0.2,1
59.9038,55.7956,64.7312,33.7479,16.459,0.0574,-0.2,0
54.8603,52.1356,87.2286,29.0322,22.9972,-0.0694,-0.2,1
61.426,56.2946,90.7184,30.5481,20.3532,0.0661,0.2,0
39.5894,30.846,9.1792,25.5033,31.4415,-0.0997,-0.2,1
66.4864,49.3273,83.145,30.1076,15.7659,0.1377,0.6,1
53.633,54.576,8.2961,36.3914,24.0766,-0.0807,0.2,0
49.4153,52.8737,38.5614,19.0856,23.1501,-0.1963,-0.2,0
45.7771,42.8873,0.0108,18.9923,22.0032,-0.0316,-0.2,1
52.8563,34.1446,16.3344,22.1312,18.4648,0.1366,0.2,1
50.0978,45.4615,31.9372,20.1925,15.911,0.0349,-0.2,1
50.5356,50.6565,22.193,23.6954,21.4676,0.0543,0.2,1
68.4838,58.9713,97.9,26.6091,11.744,0.1936,0.6,0
55.1367,44.9964,66.8624,23.3499,17.6498,-0.1401,-0.2,1
54.088,55.8434,92.286,18.9892,18.6198,0.0265,0.6,0
44.315,48.7244,31.0654,19.0006,14.165,-0.0759,-0.6,0
23.9363,31.8678,0.8153,11.815,36.5734,-0.5232,0.2,1
51.9671,58.6261,53.8913,23.6964,24.7833,0.4626,0.6,0
37.5688,33.5066,0.0047,18.8955,32.4265,-0.1468,-0.6,1
47.9238,59.3119,65.7085,12.58,25.7219,-0.0497,0.2,1
57.0166,54.9373,49.8423,19.907,15.6613,0.3675,0.2,0
54.1271,49.2657,37.5482,22.7184,14.0489,0.0617,-0.6,0
46.8904,43.9529,30.1796,20.1233,15.1021,-0.1228,0.2,1
53.7885,43.8631,42.9341,23.423,21.0925,0.3294,-0.2,1
56.9359,55.265,49.5105,24.6951,23.3834,0.037,0.2,0
45.8005,55.4817,59.7981,16.5855,29.9742,-0.4406,-0.2,0
46.7165,46.3047,69.6071,13.5227,27.61,-0.1882,0.2,0
36.8162,39.8067,25.2377,9.4133,32.8358,-0.321,-0.2,0
42.0826,36.8651,57.0872,11.8653,25.7604,-0.2486,0.2,0
38.1479,40.7225,16.8021,13.1633,32.1898,-0.2263,0.2,0
46.6144,46.0583,58.2915,14.8749,28.1788,-0.0302,0.2,0
32.8448,30.7468,37.7612,14.1714,31.8263,-0.2209,-0.2,1
77.9527,61.403,88.0728,36.3352,11.1591,0.4187,0.6,0
43.201,33.8188,25.938,32.0862,26.6358,-0.589,-0.2,0
40.6835,33.4839,46.2732,18.5995,24.8415,-0.1965,-0.2,0
39.6139,40.3519,50.165,11.732,28.6124,-0.1625,0.2,0
48.6303,60.9343,70.797,13.7567,21.3661,-0.0184,-0.2,1
56.388,55.4182,79.5846,16.0877,20.4261,0.1669,0.6,0
50.6939,47.9128,31.7417,14.6621,18.2202,-0.0662,0.6,1
52.6861,44.7253,19.5487,18.009,17.0121,-0.0319,-0.2,1
58.7224,54.341,41.7841,29.2981,16.8253,0.0392,-0.2,1
55.1981,39.0386,52.1172,24.5636,14.9334,0.1206,0.2,1
80.4727,75.0725,90.3041,44.7716,9.4442,0.6389,1.0,0
48.819,47.7788,23.1464,24.5957,25.0257,-0.0927,-0.2,1
57.7409,52.7698,69.3352,26.9616,20.4483,0.2222,0.2,1
52.3857,52.966,21.6684,26.6358,22.9159,0.2655,-0.2,1
67.0453,63.0277,76.9244,27.6104,15.0958,0.3344,0.2,0
47.4105,59.5791,86.2956,14.8107,28.5127,-0.3257,-0.2,1
65.0128,55.1939,84.0404,25.9886,15.0492,0.8136,0.2,0
55.5464,49.6385,65.1243,27.4848,19.2543,-0.1897,0.6,1
60.6509,46.5513,55.6692,22.8957,10.9896,0.347,0.6,0
42.9091,40.6708,22.2666,18.5015,28.042,-0.1182,-0.6,0
44.1364,56.6358,31.7694,18.7796,25.7831,0.0581,0.2,0
44.3355,53.2937,63.9169,13.7738,25.2959,-0.2105,-0.2,1
58.0071,66.9888,63.8848,23.0122,22.8346,0.4317,-0.2,1
52.8493,50.7592,26.8166,22.8428,20.3486,0.1759,-0.2,0
48.9497,53.6079,62.9036,18.379,23.9001,-0.188,-0.2,1
68.6961,62.5278,81.0892,31.0378,15.0235,0.163,0.2,0
47.7648,37.6424,76.607,16.0374,18.3484,-0.152,0.6,1
57.5735,57.3846,38.626,17.995,16.5334,-0.076,-0.2,0
46.1889,41.9748,15.852,17.2994,22.0521,-0.1978,0.6,0
25.02,50.6313,21.5437,8.0414,30.5728,-0.6075,-0.6,1
58.3686,70.8552,92.3843,21.3433,20.2534,0.6257,-0.2,0
48.0214,50.9968,33.0636,17.8835,22.4585,-0.1236,-0.6,1
53.0367,49.3341,84.7938,18.7323,21.138,0.1147,0.2,0
50.594,49.495,94.1383,16.432,25.6245,-0.132,0.2,0
48.926,53.6005,94.0254,13.3669,24.987,-0.0734,0.2,1
56.7459,50.2561,31.8984,26.9497,17.5345,0.0232,0.2,0
37.9996,31.2091,50.2463,20.4226,24.1192,-0.4155,0.2,1
67.3844,61.6844,97.5122,26.891,13.9188,0.5012,0.6,0
36.5179,32.4761,22.255,14.5629,29.5476,-0.3431,-0.6,0
46.035,35.7283,44.9966,15.6435,22.9748,-0.1564,0.6,0
40.2268,39.0981,27.8347,18.0208,21.945,-0.0375,-0.2,1
63.171,51.9684,87.0735,22.8154,14.1481,0.234,0.6,1
74.0487,61.0797,87.938,24.1426,17.6031,0.2902,0.2,0
40.9059,46.8377,67.6789,18.6763,28.8695,-0.0428,0.2,0
34.1636,36.8307,29.8832,14.923,32.5754,-0.4934,-0.2,1
51.8119,53.3028,57.4944,19.0356,21.3696,0.3541,-0.6,0
26.8871,38.5279,1.3299,13.3812,34.4864,-0.8008,-0.2,1
50.3974,57.8324,96.052,18.5393,29.6348,0.1777,0.6,1
56.2781,59.7011,36.4949,21.5118,20.0558,0.2946,-0.2,1
69.547,54.6032,53.7757,32.6277,12.9657,0.4499,-0.2,0
48.1461,41.2149,18.9435,22.5639,16.9535,-0.1389,0.2,0
45.722,50.0593,22.7557,20.1795,19.0687,-0.166,0.2,0
45.7402,53.8001,80.2076,12.9125,26.2604,-0.2425,-0.2,0
45.8998,44.3377,38.4751,13.207,22.3304,0.0164,-0.2,0
36.0317,33.1346,20.0725,13.1236,25.1389,-0.2812,-0.6,1
67.6938,53.0217,25.8471,33.5642,11.9984,0.3839,0.2,0
51.826,42.6189,78.5726,24.466,18.7567,-0.251,-0.2,0
44.4045,62.5527,66.2574,16.6619,28.1168,-0.2554,-0.2,0
34.1595,39.6691,0.8623,12.8294,29.4978,-0.4681,0.2,1
44.2595,50.8905,53.5451,10.8529,29.8275,-0.1048,-0.2,1
59.8475,54.8235,100.0,22.7713,17.5651,0.3709,0.6,0
40.4636,35.2114,83.0039,16.2928,26.6253,-0.0771,0.2,1
53.7364,54.9314,81.437,21.9946,20.9993,0.1399,0.6,1
63.6795,53.3457,95.8611,26.7371,21.4275,0.3093,0.2,0
46.1997,47.8931,37.6777,23.5957,24.8582,-0.1955,0.2,1
70.925,64.1276,99.9879,34.3247,14.8513,0.4925,0.2,0
51.9131,46.6547,59.4875,26.2914,22.5924,-0.045,0.2,1
47.345,48.5491,20.212,21.3086,21.227,-0.0073,-0.2,0
54.6399,44.6058,58.6198,23.4822,16.6065,0.0433,0.2,0
37.4772,31.1276,35.3939,12.4272,26.1274,-0.2492,0.2,1
73.8568,56.3506,76.6663,36.1589,16.944,0.5529,1.0,0
48.444,48.6569,27.0838,24.9729,22.6531,0.0017,-0.2,1
64.0501,63.0429,81.1515,34.3576,13.6981,0.1983,0.2,1
63.1543,66.89,54.2497,35.3022,9.509,0.448,0.2,0
43.9716,47.3033,31.3804,18.3788,21.5015,-0.2296,-0.2,1
46.1806,37.7559,37.8916,22.9538,19.7792,0.0535,0.2,0
34.4138,37.4611,0.1582,15.9336,28.6889,-0.2076,-0.4,1
51.4327,55.0258,100.0,15.6602,21.7009,0.1881,-0.2,1
54.8539,46.4839,28.8518,23.3409,18.0533,0.1237,-0.6,1
55.6647,51.8764,52.2549,24.7808,19.0109,0.0408,0.2,0
46.2105,44.4146,60.6387,22.144,21.5133,-0.2116,0.2,1
56.2176,59.2344,100.0,24.3095,18.3759,0.1031,0.2,1
75.4651,56.4546,58.5168,37.6317,13.0029,0.3968,0.6,0
55.1367,50.1805,52.0663,29.9036,18.0579,-0.3039,-0.2,1
57.2037,42.9444,89.7545,22.7143,17.9636,0.0322,0.2,0
42.7349,34.3522,77.4321,18.4666,24.2909,-0.2822,-0.2,0
31.5084,42.6087,22.4671,11.4045,27.5527,-0.2263,-0.4,1
71.7016,70.2233,91.515,29.5193,13.8789,0.486,0.6,1
64.921,52.1996,32.6594,29.7738,10.3062,0.0514,0.6,1
70.9848,60.4981,75.1412,32.0538,12.6296,0.3274,0.6,0
43.6349,48.9043,30.628,19.8664,20.5208,-0.288,0.2,0
44.6549,42.2027,31.622,18.8219,23.3092,-0.1122,-0.2,0
40.7868,48.5436,6.6706,18.7563,27.3469,-0.1206,-0.6,0
46.586,47.3841,67.0377,22.4405,31.5626,-0.1171,0.2,1
51.8051,49.7407,83.4949,22.7262,24.4126,0.0338,0.2,1
62.1312,70.1869,70.0178,28.7928,19.0805,0.1641,0.2,0
36.3044,38.8922,40.1232,11.7767,44.472,-0.3741,-0.2,1
51.2115,60.1858,88.243,15.2438,33.4255,0.0209,0.6,0
33.6448,41.1552,32.3669,13.1997,38.3374,-0.3189,-0.2,1
62.0216,63.8874,62.0266,28.1836,20.1587,0.4473,0.2,1
64.0896,54.4038,47.2428,29.3031,15.7297,0.172,0.2,1
53.8561,49.1487,19.6449,21.8201,12.7753,0.0359,0.2,0
39.5799,42.4363,29.1687,15.2758,20.2701,-0.2225,0.2,0
42.6095,66.7118,69.9432,13.0503,20.3374,-0.0646,-0.6,1
51.746,50.6843,5.6058,24.2129,14.0271,0.0599,-0.2,1
62.9483,61.3943,72.2912,26.9698,13.5671,0.2392,0.2,0
44.686,39.4075,27.016,21.2811,27.9379,-0.1637,0.2,0
47.2246,57.0349,56.4786,18.6752,26.6046,0.0086,0.2,0
37.2782,40.4844,36.9406,17.3604,20.1145,-0.1216,-0.2,0
24.4811,41.5397,1.197,11.4695,21.9293,-0.233,-0.6,0
30.4575,57.2235,25.4178,8.752,25.6465,-0.0711,-0.6,1
49.6398,46.6945,29.1268,22.7416,18.5414,0.1878,0.2,1
70.7433,65.2998,95.8817,31.4057,12.7029,0.4292,0.2,0
27.0526,35.5447,0.0,16.6391,28.9834,-0.4444,-1.0,0
42.0789,41.2068,11.9024,18.2925,25.0511,-0.0054,-0.2,0
36.9211,35.5058,23.8365,14.3859,31.9048,-0.2141,-0.2,1
49.6043,61.15,80.4865,17.0383,21.5772,0.0411,0.6,1
69.0645,63.9818,76.1695,23.5144,13.0728,0.1932,-0.6,0
35.7677,50.0572,10.2552,11.2775,25.4242,-0.2475,-0.2,1
64.2546,68.038,92.8848,20.9441,15.0606,0.223,0.6,0
43.0639,48.6248,59.4654,13.0106,30.1132,-0.161,0.6,1
55.7091,51.4616,5.3903,23.9673,20.4378,0.1176,-0.6,0
30.7701,33.4578,7.8969,16.3992,32.4777,-0.0587,-0.2,1
39.1019,59.4054,25.3752,16.6057,27.7936,0.0351,-0.2,0
46.217,45.2607,60.608,17.9923,25.1239,-0.1405,-0.2,0
43.3561,62.2554,33.657,19.2995,23.6018,-0.3317,-0.2,0
44.0555,57.2936,29.9896,16.4155,26.4029,0.0152,0.2,1
51.4446,68.7754,56.8654,17.7158,15.2901,0.1272,0.2,1
51.636,59.7403,64.5174,19.7097,11.5124,0.0447,0.6,0
59.2784,65.1545,81.473,23.5232,19.8719,0.0959,0.2,1
63.3426,72.4063,70.5272,25.7924,14.7255,0.5242,0.2,1
67.2055,70.0018,99.9638,26.6177,18.4398,0.2385,0.6,0
